{"cameraMode":{"drawMode":0,"name":"Shaded","section":"Shading Mode"},"sceneLighting":true,"audioPlay":false,"sceneViewState":{"m_AlwaysRefresh":false,"showFog":true,"showSkybox":true,"showFlares":true,"showImageEffects":true,"showParticleSystems":true,"showVisualEffectGraphs":true,"m_FxEnabled":true},"in2DMode":false,"pivot":{"x":181.01126098632813,"y":2200.5771484375,"z":20.641326904296876},"rotation":{"x":0.08956628292798996,"y":-0.009862219914793969,"z":-0.0008866614662110806,"w":-0.9959328174591065},"size":144.24632263183595,"orthographic":false}